<metadata xml:lang="en"><Esri><CreaDate>20150326</CreaDate><CreaTime>13151000</CreaTime><ArcGISFormat>1.0</ArcGISFormat><ArcGISstyle>FGDC CSDGM Metadata</ArcGISstyle><SyncOnce>FALSE</SyncOnce><DataProperties><itemProps><itemName Sync="TRUE">StandsBK20210712</itemName><imsContentType Sync="TRUE">002</imsContentType><nativeExtBox><westBL Sync="TRUE">-95.811751</westBL><eastBL Sync="TRUE">-76.736177</eastBL><southBL Sync="TRUE">28.960192</southBL><northBL Sync="TRUE">39.159349</northBL><exTypeCode Sync="TRUE">1</exTypeCode></nativeExtBox><itemLocation><linkage Sync="TRUE">file://\\AFSPCDE07M55XK2\C$\Temp\StandsBK20210712.shp</linkage><protocol Sync="TRUE">Local Area Network</protocol></itemLocation><relatedItems><item><itemType Sync="TRUE">Relationship</itemType></item><item><itemName Sync="TRUE">S_R08.FSVEGPOLY_DISTURBANCE_RC</itemName><itemType Sync="TRUE">Relationship</itemType></item><item><itemName Sync="TRUE">S_R08.FSVEG_SUBPOPULATION_RC</itemName><itemType Sync="TRUE">Relationship</itemType></item></relatedItems><itemSize Sync="TRUE">0.000</itemSize></itemProps><coordRef><type Sync="TRUE">Projected</type><geogcsn Sync="TRUE">GCS_North_American_1983</geogcsn><csUnits Sync="TRUE">Linear Unit: Meter (1.000000)</csUnits><peXml Sync="TRUE">&lt;ProjectedCoordinateSystem xsi:type='typens:ProjectedCoordinateSystem' xmlns:xsi='http://www.w3.org/2001/XMLSchema-instance' xmlns:xs='http://www.w3.org/2001/XMLSchema' xmlns:typens='http://www.esri.com/schemas/ArcGIS/10.7'&gt;&lt;WKT&gt;PROJCS[&amp;quot;NAD_1983_UTM_Zone_16N&amp;quot;,GEOGCS[&amp;quot;GCS_North_American_1983&amp;quot;,DATUM[&amp;quot;D_North_American_1983&amp;quot;,SPHEROID[&amp;quot;GRS_1980&amp;quot;,6378137.0,298.257222101]],PRIMEM[&amp;quot;Greenwich&amp;quot;,0.0],UNIT[&amp;quot;Degree&amp;quot;,0.0174532925199433]],PROJECTION[&amp;quot;Transverse_Mercator&amp;quot;],PARAMETER[&amp;quot;False_Easting&amp;quot;,500000.0],PARAMETER[&amp;quot;False_Northing&amp;quot;,0.0],PARAMETER[&amp;quot;Central_Meridian&amp;quot;,-87.0],PARAMETER[&amp;quot;Scale_Factor&amp;quot;,0.9996],PARAMETER[&amp;quot;Latitude_Of_Origin&amp;quot;,0.0],UNIT[&amp;quot;Meter&amp;quot;,1.0],AUTHORITY[&amp;quot;EPSG&amp;quot;,26916]]&lt;/WKT&gt;&lt;XOrigin&gt;-5120900&lt;/XOrigin&gt;&lt;YOrigin&gt;-9998100&lt;/YOrigin&gt;&lt;XYScale&gt;450445547.3910538&lt;/XYScale&gt;&lt;ZOrigin&gt;-100000&lt;/ZOrigin&gt;&lt;ZScale&gt;10000&lt;/ZScale&gt;&lt;MOrigin&gt;-100000&lt;/MOrigin&gt;&lt;MScale&gt;10000&lt;/MScale&gt;&lt;XYTolerance&gt;0.001&lt;/XYTolerance&gt;&lt;ZTolerance&gt;0.001&lt;/ZTolerance&gt;&lt;MTolerance&gt;0.001&lt;/MTolerance&gt;&lt;HighPrecision&gt;true&lt;/HighPrecision&gt;&lt;WKID&gt;26916&lt;/WKID&gt;&lt;LatestWKID&gt;26916&lt;/LatestWKID&gt;&lt;/ProjectedCoordinateSystem&gt;</peXml><projcsn Sync="TRUE">NAD_1983_UTM_Zone_16N</projcsn></coordRef><lineage><Process ToolSource="e:\arcgis\desktop10.5\ArcToolbox\Toolboxes\Data Management Tools.tbx\ChangePrivileges" Date="20190425" Time="143121">ChangePrivileges 'Database Connections\edw01p_multiuse_sde_default_as_s_r08.sde\S_R08.AFRAA_Hydro';'Database Connections\edw01p_multiuse_sde_default_as_s_r08.sde\S_R08.FSVEG_Locations';'Database Connections\edw01p_multiuse_sde_default_as_s_r08.sde\S_R08.FSVEG_Points';'Database Connections\edw01p_multiuse_sde_default_as_s_r08.sde\S_R08.FSVEG_Poly' s_r08_edw_edit GRANT GRANT</Process><Process Name="Add Field (16)" ToolSource="e:\arcgis\desktop10.5\ArcToolbox\Toolboxes\Data Management Tools.tbx\AddField" Date="20191001" Time="194205">AddField "Database Connections\edw101p_multiuse_sde_default_as_s_r08.sde\S_R08.FSVEG_Poly" YEAR2 SHORT 5 # # # NULLABLE NON_REQUIRED #</Process><Process ToolSource="c:\program files (x86)\arcgis\desktop10.7\ArcToolbox\Toolboxes\Data Management Tools.tbx\CopyFeatures" Date="20210712" Time="174729">CopyFeatures Stands C:\gis\data\StandsBK20210712.gdb\Stands # 0 0 0</Process><Process ToolSource="C:\Program Files (x86)\XTools\XTools Pro\Toolbox\XTools Pro.tbx\XToolsGP_DeleteMultipleFields" Date="20210712" Time="175239">XToolsGP_DeleteMultipleFields Stands CREATED_BY;CREATED_DATE;MODIFIED_BY;MODIFIED_DATE;REGION_PROC;FOREST_PROC;DISTRICT_NO;SETTING_ID;NUM_EXAMS;USGS_ANDERSON_1;ACRES_MANUAL;SAMPLE_DATE_ACCURACY;PURPOSE_CODE;AGENCY;SAMPLE_DATE;USGS_ANDERSON_2;FLM_DATA_SOURCE;FLM_ACCURACY;FLM_ACCURACY_UNIT;FLM_DESCRIPTION;GLOBALID;SHAPE;SAMPLE_RECORDER;SDE_STATE_ID;EV_REF_CODE;DBH;TPA;TPA_SE;TPA_SD;TPA_CV;BASAL_AREA;BASAL_AREA_SE;BASAL_AREA_SD;BASAL_AREA_CV;DENSITY_INDEX;DENSITY_INDEX_TYPE;DENSITY_INDEX_REF;CAPABLE_GROW_AREA_PCT;MERCH_BOARD_GROSS;MERCH_BOARD_GROSS_SE;MERCH_BOARD_GROSS_SD;MERCH_CUBIC_GROSS;MERCH_CUBIC_GROSS_SE;MERCH_CUBIC_GROSS_SD;FUEL_MODEL;FUEL_PHOTO_REFERENCE;CANOPY_CLOSURE;CANOPY_CLOSURE_TREES;CANOPY_CLOSURE_SHRUBS;CANOPY_CLOSURE_HERBS;SITE_INDEX;SITE_INDEX_SPP;SITE_INDEX_REF;SLOPE_POSITION;SLOPE_SHAPE_VERT;PRODUCTIVITY_CLASS;COVER_BARE_SOIL;COVER_LITTER;COVER_BOULDER;COVER_WATER;COVER_ROCK;COVER_BASAL_VEG;COVER_NON_VEG;CANOPY_COVER;ECOREGION_SUBSECTION;AGGREGATION_TYPE;SAF_COVER_TYPE;SRM_COVER_TYPE;TOTAL_CUBIC;CROWN_FIRE;FIRE_REGIME;CONDITION_CLASS;MANAGEMENT_PRODUCTIVITY;INCLUSION_ACRES;INCLUSION_ACRES_TYPE;MANAGEMENT_TYPE_SITE_INDEX;MANAGEMENT_TYPE_SI_SPECIES;MANAGEMENT_TYPE_SI_REFCODE;NFS_LAND_CLASS;REMARKS;PROJECT_NAME;SETTING_ORIGIN;TREE_HEIGHT_AVG;STAND_CONDITION_REF;STAND_CONDITION_CODE;MANAGEMENT_TYPE_EV_REF;MANAGEMENT_TYPE_EV_CODE;STOCKING_FLAG;STAND_FIA_EV_CALC;RIPARIAN_POLYGON;REGEN_EV_CODE;REGEN_EV_REF_CODE;DBH_TYPE;ELEVATION_FEET;ASPECT_CLASS;DEM_REF;GRID_SIZE;GRID_SIZE_UNITS;LAND_CLASS_LOCAL_QUAL;UEAM;OLD_GROWTH;BA_YEAR;PREV_FOR_TYPE;FOR_TYPE;RX_AREA;CREATED_BY_VEGCHAR;MODIFIED_BY_VEGCHAR;CREATED_BY_VEGPOLYLOCAL;MODIFIED_BY_VEGPOLYLOCAL;CREATED_DATE_VEGPOLYLOCAL;CREATED_DATE_VEGCHAR;GLOBALID_VEGGISCALC;GLOBALID_VEGCHAR;GLOBALID_VEGPOLYLOCAL;MODIFIED_DATE_VEGGISCALC;MODIFIED_DATE_VEGCHAR;MODIFIED_DATE_VEGPOLYLOCAL;SPATIAL_ID;FS_UNIT_ID;FS_UNIT_NAME;GIS_ACRES;PAG_CODE;PV_CODE;TIMBER_SUITABILITY_CODE;REGEN_EV_COMMON_NAME;MANAGEMENT_TYPE_EV_DESC;PAG_CODE_DESCRIPTION;PURPOSE_DESCRIPTION;PV_COMMON_NAME;SAF_COMMON_NAME;STAND_CONDITION_DESC;TIMBER_SUITABIITY_DESC;YEAR2</Process><Process ToolSource="c:\program files (x86)\arcgis\desktop10.7\ArcToolbox\Toolboxes\Conversion Tools.tbx\FeatureClassToFeatureClass" Date="20210712" Time="180322">FeatureClassToFeatureClass C:\gis\data\StandsBK20210712.gdb\Stands C:\Temp StandsBK20210712.shp # "LOCATION "Compart" true true false 16 Text 0 0 ,First,#,C:\gis\data\StandsBK20210712.gdb\Stands,LOCATION,-1,-1;POLY_ID "Stand" true true false 4 Long 0 0 ,First,#,C:\gis\data\StandsBK20210712.gdb\Stands,POLY_ID,-1,-1;ACRES "ACRES" true true false 8 Double 0 0 ,First,#,C:\gis\data\StandsBK20210712.gdb\Stands,ACRES,-1,-1;EV_CODE "EV_CODE" true true false 10 Text 0 0 ,First,#,C:\gis\data\StandsBK20210712.gdb\Stands,EV_CODE,-1,-1;YEAR_OF_OR "YearOfOrigin" true true false 4 Long 0 0 ,First,#,C:\gis\data\StandsBK20210712.gdb\Stands,YEAR_OF_ORIGIN,-1,-1;EV_COMMON_ "EV_NAME" true true false 240 Text 0 0 ,First,#,C:\gis\data\StandsBK20210712.gdb\Stands,EV_COMMON_NAME,-1,-1;SHAPE_1_Le "SHAPE_1_Le" false true true 8 Double 0 0 ,First,#,C:\gis\data\StandsBK20210712.gdb\Stands,SHAPE_1_Length,-1,-1;SHAPE_1_Ar "SHAPE_1_Ar" false true true 8 Double 0 0 ,First,#,C:\gis\data\StandsBK20210712.gdb\Stands,SHAPE_1_Area,-1,-1" #</Process></lineage></DataProperties><SyncDate>20210712</SyncDate><SyncTime>18032000</SyncTime><ModDate>20210712</ModDate><ModTime>18032000</ModTime><scaleRange><minScale>150000000</minScale><maxScale>5000</maxScale></scaleRange><ArcGISProfile>FGDC</ArcGISProfile></Esri><dataIdInfo><envirDesc Sync="TRUE"> Version 6.2 (Build 9200) ; Esri ArcGIS 10.7.1.11595</envirDesc><dataLang><languageCode value="eng" Sync="TRUE"/><countryCode value="USA" Sync="TRUE"/></dataLang><idCitation xmlns=""><resTitle Sync="TRUE">StandsBK20210712</resTitle><presForm xmlns=""><PresFormCd value="005" Sync="TRUE"/></presForm><date><pubDate>2017-01-03T23:48:22</pubDate></date></idCitation><spatRpType><SpatRepTypCd value="001" Sync="TRUE"/></spatRpType><dataExt><geoEle xmlns=""><GeoBndBox esriExtentType="search"><exTypeCode Sync="TRUE">1</exTypeCode><westBL Sync="TRUE">-95.811751</westBL><eastBL Sync="TRUE">-76.736177</eastBL><northBL Sync="TRUE">39.159349</northBL><southBL Sync="TRUE">28.960192</southBL></GeoBndBox></geoEle></dataExt><idAbs>&lt;DIV STYLE="text-align:Left;"&gt;&lt;DIV&gt;&lt;DIV&gt;&lt;P&gt;&lt;SPAN&gt;Spatial features stewarded within the FSVeg Spatial application are organized in a hierarchy. Vegetation polygons and sample points represent the base level spatial features. Sample points fall within their parent vegetation polygon. Vegetation polygons are organized into locations. Locations fall within a ranger district and ranger districts fall within a proclaimed forest. There may be one or more proclaimed forests within the administrative forest. Finally, a region oversees the administrative forests within their geographic area. Vegetation polygons represent a fundamental unit of management in the Forest Service. These polygons typically represent areas of land where vegetation is somewhat homogenous. The polygon delineations may be determined through satellite image processing, aerial photography, site visits or some combination of methods. Vegetation attribute data associated with each polygon evolves over time as new data is acquired. Data may change on a daily basis.&lt;/SPAN&gt;&lt;/P&gt;&lt;P&gt;&lt;SPAN /&gt;&lt;/P&gt;&lt;/DIV&gt;&lt;/DIV&gt;&lt;/DIV&gt;</idAbs><idPurp>Vegetation polygons support Forest Service vegetation data management and analysis. Vegetation data is critical in support of land management; whether it be for wildlife habitat analysis, fire and fuels management, watershed management, or timber production. A vegetation polygon is a logical sampling unit; a logical area of land on which to describe vegetation conditions. Over time, data is collected for some or all of these polygons. Data such as canopy cover or forest type may be derived for each polygon via satellite image processing or photo interpretation. Field crews may be sent to a selection of polygons to collect detailed data where individual trees are measured or down woody material is measured along transects. The amount and currency of data describing each vegetation polygon varies widely since it is cost-prohibitive to maintain detailed and current data for all polygons at any point in time. Data for some polygons may be more than 10 years old, while data for other polygons may have been collected yesterday. Typically where active project work or landscape analysis is occurring, better data is available since there is a need for good data for that area at that point in time. Data for polygons within the NRIS_VegPoly feature class is changing on a daily basis as data is updated by Forest Service staff. This feature class is a working dataset; that is, it supports day-to-day Forest Service land management.
</idPurp><searchKeys><keyword>Stand</keyword><keyword>Vegetation</keyword><keyword>Inventory</keyword><keyword>Wood</keyword><keyword>Tree</keyword><keyword>Land cover</keyword><keyword>All Forest Service lands</keyword></searchKeys><resConst><Consts><useLimit>&lt;DIV STYLE="text-align:Left;"&gt;&lt;DIV&gt;&lt;DIV&gt;&lt;P&gt;&lt;SPAN&gt;The USDA Forest Service makes no claims, promises, or guarantees about the accuracy, completeness, or adequacy of the content; and expressly disclaims liability for errors and omissions. No warranty of any kind, implied, expressed or statutory, including but not limited to warranties of non-infringement of third party rights, title, merchantability, fitness for a particular purpose and freedom from computer virus, is given with respect to the contents or hyperlinks to other Internet resources. Reference to any specific commercial products, processes, or services, or the use of any trade, firm or corporation name is for the information and convenience of the public, and does not constitute endorsement or recommendation by the USDA Forest Service.&lt;/SPAN&gt;&lt;/P&gt;&lt;/DIV&gt;&lt;/DIV&gt;&lt;/DIV&gt;</useLimit></Consts></resConst></dataIdInfo><mdLang><languageCode value="eng" Sync="TRUE"/><countryCode value="USA" Sync="TRUE"/></mdLang><mdChar><CharSetCd value="004" Sync="TRUE"/></mdChar><distInfo><distFormat><formatName Sync="TRUE">Shapefile</formatName></distFormat><distTranOps><transSize Sync="TRUE">0.000</transSize></distTranOps></distInfo><mdHrLv><ScopeCd value="005" Sync="TRUE"/></mdHrLv><mdHrLvName Sync="TRUE">dataset</mdHrLvName><refSysInfo><RefSystem><refSysID><identCode code="26916" Sync="TRUE"/><idCodeSpace Sync="TRUE">EPSG</idCodeSpace><idVersion Sync="TRUE">6.13(3.0.1)</idVersion></refSysID></RefSystem></refSysInfo><spatRepInfo><VectSpatRep><geometObjs Name="StandsBK20210712"><geoObjTyp><GeoObjTypCd value="002" Sync="TRUE"></GeoObjTypCd></geoObjTyp><geoObjCnt Sync="TRUE">0</geoObjCnt></geometObjs><topLvl><TopoLevCd value="001" Sync="TRUE"></TopoLevCd></topLvl></VectSpatRep></spatRepInfo><spdoinfo><ptvctinf><esriterm Name="StandsBK20210712"><efeatyp Sync="TRUE">Simple</efeatyp><efeageom code="4" Sync="TRUE"></efeageom><esritopo Sync="TRUE">FALSE</esritopo><efeacnt Sync="TRUE">0</efeacnt><spindex Sync="TRUE">FALSE</spindex><linrefer Sync="TRUE">FALSE</linrefer></esriterm></ptvctinf></spdoinfo><eainfo><detailed Name="StandsBK20210712" xmlns=""><enttyp><enttypl Sync="TRUE">StandsBK20210712</enttypl><enttypt Sync="TRUE">Feature Class</enttypt><enttypc Sync="TRUE">0</enttypc></enttyp><attr><attrlabl Sync="TRUE">FID</attrlabl><attalias Sync="TRUE">FID</attalias><attrtype Sync="TRUE">OID</attrtype><attwidth Sync="TRUE">4</attwidth><atprecis Sync="TRUE">0</atprecis><attscale Sync="TRUE">0</attscale><attrdef Sync="TRUE">Internal feature number.</attrdef><attrdefs Sync="TRUE">Esri</attrdefs><attrdomv><udom Sync="TRUE">Sequential unique whole numbers that are automatically generated.</udom></attrdomv></attr><attr xmlns=""><attrlabl Sync="TRUE">LOCATION</attrlabl><attalias Sync="TRUE">LOCATION</attalias><attrtype Sync="TRUE">String</attrtype><attwidth Sync="TRUE">16</attwidth><atprecis Sync="TRUE">0</atprecis><attscale Sync="TRUE">0</attscale><attrdef>The location of the polygon within a Region, Forest, and District.</attrdef><attrdefs>nrm</attrdefs><attrdef>The location of the polygon within a Region, Forest, and District.</attrdef><attrdefs>nrm</attrdefs></attr><attr xmlns=""><attrlabl Sync="TRUE">POLY_ID</attrlabl><attalias Sync="TRUE">POLY_ID</attalias><attrtype Sync="TRUE">Integer</attrtype><attwidth Sync="TRUE">10</attwidth><atprecis Sync="TRUE">10</atprecis><attscale Sync="TRUE">0</attscale><attrdef>The stand number (level_1_id).</attrdef><attrdefs>nrm</attrdefs><attrdef>The stand number (level_1_id).</attrdef><attrdefs>nrm</attrdefs></attr><attr xmlns=""><attrlabl Sync="TRUE">ACRES</attrlabl><attalias Sync="TRUE">ACRES</attalias><attrtype Sync="TRUE">Double</attrtype><attwidth Sync="TRUE">19</attwidth><atprecis Sync="TRUE">0</atprecis><attscale Sync="TRUE">0</attscale><attrdef>Computed total area of the polygon, in acres.  The polygon is projected to Albers Equal Area to calculate the acres.</attrdef><attrdefs>nrm</attrdefs><attrdef>Computed total area of the polygon, in acres.  The polygon is projected to Albers Equal Area to calculate the acres.</attrdef><attrdefs>nrm</attrdefs></attr><attr xmlns=""><attrlabl Sync="TRUE">SHAPE</attrlabl><attalias Sync="TRUE">Shape</attalias><attrtype Sync="TRUE">Geometry</attrtype><attwidth Sync="TRUE">0</attwidth><atprecis Sync="TRUE">0</atprecis><attscale Sync="TRUE">0</attscale><attrdef Sync="TRUE">Feature geometry.</attrdef><attrdefs Sync="TRUE">Esri</attrdefs><attrdomv><udom Sync="TRUE">Coordinates defining the features.</udom></attrdomv><attrdef>Stores the physical polygon coordinate data.</attrdef><attrdefs>nrm</attrdefs><attrdef>Stores the physical polygon coordinate data.</attrdef><attrdefs>nrm</attrdefs></attr><attr xmlns=""><attrlabl Sync="TRUE">EV_CODE</attrlabl><attalias Sync="TRUE">EV_CODE</attalias><attrtype Sync="TRUE">String</attrtype><attwidth Sync="TRUE">10</attwidth><atprecis Sync="TRUE">0</atprecis><attscale Sync="TRUE">0</attscale><attrdef>Existing site vegetation code.</attrdef><attrdefs>nrm</attrdefs><attrdef>Existing site vegetation code.</attrdef><attrdefs>nrm</attrdefs></attr><attr><attrlabl Sync="TRUE">YEAR_OF_OR</attrlabl><attalias Sync="TRUE">YEAR_OF_OR</attalias><attrtype Sync="TRUE">Integer</attrtype><attwidth Sync="TRUE">10</attwidth><atprecis Sync="TRUE">10</atprecis><attscale Sync="TRUE">0</attscale></attr><attr><attrlabl Sync="TRUE">EV_COMMON_</attrlabl><attalias Sync="TRUE">EV_COMMON_</attalias><attrtype Sync="TRUE">String</attrtype><attwidth Sync="TRUE">240</attwidth><atprecis Sync="TRUE">0</atprecis><attscale Sync="TRUE">0</attscale></attr><attr><attrlabl Sync="TRUE">SHAPE_1_Le</attrlabl><attalias Sync="TRUE">SHAPE_1_Le</attalias><attrtype Sync="TRUE">Double</attrtype><attwidth Sync="TRUE">19</attwidth><atprecis Sync="TRUE">0</atprecis><attscale Sync="TRUE">0</attscale></attr><attr><attrlabl Sync="TRUE">SHAPE_1_Ar</attrlabl><attalias Sync="TRUE">SHAPE_1_Ar</attalias><attrtype Sync="TRUE">Double</attrtype><attwidth Sync="TRUE">19</attwidth><atprecis Sync="TRUE">0</atprecis><attscale Sync="TRUE">0</attscale></attr></detailed></eainfo><mdDateSt Sync="TRUE">20210712</mdDateSt></metadata>
